Ana Kategori;Alt Dal
3D Baský ve Tasarým;3D Baský
3D Baský ve Tasarým;CAD Çizim
Bahçe & Dýţ Alan;Bahçe bakýmý
Bahçe & Dýţ Alan;Havuz bakým
Bahçe & Dýţ Alan;Kilit taţý & beton
Bahçe & Dýţ Alan;Peyzaj tasarým
Bahçe & Dýţ Alan;Çit & tel örgü
Beyaz Eţya & Elektronik;Beyaz eţya servis
Beyaz Eţya & Elektronik;Bilgisayar tamiri
Beyaz Eţya & Elektronik;Küçük ev aleti
Beyaz Eţya & Elektronik;TV montaj & servis
Beyaz Eţya & Elektronik;Telefon & tablet
Bilgisayar ve Teknoloji;Anakart Tamiri
Bilgisayar ve Teknoloji;Ađ Kurulumu
Bilgisayar ve Teknoloji;Bilgisayar Tamiri
Bilgisayar ve Teknoloji;Bilgisayar Toplama
Bilgisayar ve Teknoloji;Telefon Tamiri
Bilgisayar ve Teknoloji;Yazýcý Servisi
Demir & Alüminyum;Alüminyum dođrama
Demir & Alüminyum;Cam balkon
Demir & Alüminyum;Kaynak iţleri
Demir & Alüminyum;Panjur & kepenk
Elektrik;Aydýnlatma
Elektrik;Elektrik arýza
Elektrik;Kamera & güvenlik
Elektrik;Klima elektrik hattý
Elektrik;Pano & sigorta
Elektrik;Priz & anahtar
Elektrik;Ýnternet & ađ
Ev ve Tadilat;Boya Badana
Ev ve Tadilat;Elektrikçi
Ev ve Tadilat;Klima
Ev ve Tadilat;Kombi
Ev ve Tadilat;Mobilya Montaj
Ev ve Tadilat;Su Tesisatý
Eđitim;Yazýlým Eđitimi
Eđitim;Özel Ders
Güzellik ve Bakým;Kuaför
Güzellik ve Bakým;Makyaj
Güzellik ve Bakým;Manikür
Güzellik ve Bakým;Masaj
Güzellik ve Bakým;Pedikür
Güzellik ve Bakým;Takma Týrnak
Hayvan Hizmetleri;Akvaryum bakým
Hayvan Hizmetleri;Pet bakým & gezdirme
Hayvan Hizmetleri;Pet kuaför
Isýtma & Sođutma;Klima bakým
Isýtma & Sođutma;Klima montaj
Isýtma & Sođutma;Kombi bakým
Isýtma & Sođutma;Petek temizliđi
Isýtma & Sođutma;Soba & baca
Kiţisel Hizmetler;Evde bakým destek
Kiţisel Hizmetler;Kuaför & güzellik
Kiţisel Hizmetler;Spor eđitmeni
Kiţisel Hizmetler;Özel ders
Mobilya & Marangoz;Ahţap bahçe iţleri
Mobilya & Marangoz;Kapý tamiri
Mobilya & Marangoz;Mobilya montaj
Mobilya & Marangoz;Mobilya tamiri
Mobilya & Marangoz;Özel ölçü mobilya
Nakliye;Kurye
Nakliye;Ţehir Ýçi Nakliyat
Nakliye;Ţehirler Arasý Nakliyat
Nakliye & Taţýma;Asansörlü taţýma
Nakliye & Taţýma;Evden eve nakliyat
Nakliye & Taţýma;Kargo & kurye
Nakliye & Taţýma;Ofis taţýma
Nakliye & Taţýma;Parça eţya taţýma
Organizasyon;Düđün Organizasyon
Organizasyon;Fotođrafçý
Organizasyon & Etkinlik;Catering
Organizasyon & Etkinlik;Düđün & niţan
Organizasyon & Etkinlik;Fotođraf & video
Organizasyon & Etkinlik;Ses & ýţýk sistemi
Oto Hizmetleri;Akü & elektrik
Oto Hizmetleri;Cam filmi & aksesuar
Oto Hizmetleri;Ekspertiz
Oto Hizmetleri;Elektrik Elektronik
Oto Hizmetleri;Kaporta Boya
Oto Hizmetleri;Lastik
Oto Hizmetleri;Lastik & jant
Oto Hizmetleri;Mekanik
Oto Hizmetleri;Mobil Oto Yýkama
Oto Hizmetleri;Oto Yýkama
Oto Hizmetleri;Oto yýkama & detaylý temizlik
Oto Hizmetleri;Çekici & yol yardým
Sađlýk;Evde Hemţire
Sađlýk;Fizyoterapi
Sýhhi Tesisat;Dođalgaz tesisatý
Sýhhi Tesisat;Gider açma
Sýhhi Tesisat;Lavabo & klozet
Sýhhi Tesisat;Musluk & batarya
Sýhhi Tesisat;Petek & kombi tesisatý
Sýhhi Tesisat;Su deposu & hidrofor
Sýhhi Tesisat;Su kaçađý
Tadilat & Dekorasyon;Alçýpan & kartonpiyer
Tadilat & Dekorasyon;Banyo yenileme
Tadilat & Dekorasyon;Boya badana
Tadilat & Dekorasyon;Duvar kađýdý
Tadilat & Dekorasyon;Kapý & pencere montaj
Tadilat & Dekorasyon;Komple ev tadilatý
Tadilat & Dekorasyon;Mutfak dolabý
Tadilat & Dekorasyon;Parke & laminat
Tadilat & Dekorasyon;Seramik & fayans
Temizlik;Apartman temizliđi
Temizlik;Dýţ cephe cam temizliđi
Temizlik;Ev temizliđi
Temizlik;Halý Yýkama
Temizlik;Koltuk & halý yýkama
Temizlik;Koltuk Yýkama
Temizlik;Ofis temizliđi
Temizlik;Ýnţaat sonrasý temizlik
Çilingir & Güvenlik;Kapý açma
Çilingir & Güvenlik;Kasa & kepenk
Çilingir & Güvenlik;Kilit deđiţimi
Ýnţaat & Usta Ýţleri;Beton kesme & karot
Ýnţaat & Usta Ýţleri;Duvar & sýva
Ýnţaat & Usta Ýţleri;Mantolama
Ýnţaat & Usta Ýţleri;Çatý & izolasyon
Ýnţaat & Usta Ýţleri;Ýskele & kalýp
